Va_AA/Vb,Va_PA/Vb,Va_BA/Vb
0.019927920288318846,0.019927920288318846,0.019927920288318846
0.48987654320987656,0.48987654320987656,0.48987654320987656
0.9477325134511914,0.9477325134511914,0.9477325134511914
12.014814814814812,12.014814814814812,12.014814814814812
