cell,ecorr,epit,pH_measured,pH_target,Cl,vol_aceticAcid,vol_phosphoricAcid,vol_boricAcid,vol_water,data_id,vol_sodiumHydroxide
1,0.14291760325431824,1.5146743059158325,2.01,2.0,0.0,12.0,12.0,12.0,24.0,20260305_001,0.0
3,-0.09827260673046112,1.2922215461730957,5.68,6.0,0.0,8.4,8.4,8.4,16.8,20260305_003,17.9
4,-0.15775440633296967,1.0313366651535034,9.59,10.0,0.0,7.2,7.2,7.2,14.3,20260305_004,24.2
5,-0.35958409309387207,0.7767398357391357,11.65,12.0,0.0,6.0,6.0,6.0,12.0,20260305_005,30.0
